target,id
0.5020570869252086,0
0.4697103200248267,2
0.7307089563716631,3
0.2700267047015299,9
0.780040238767208,11
0.6731747849387096,12
0.12109551172411492,21
0.14608802414573357,22
0.21166617576501492,27
0.21285918496520936,29
0.19534243997078354,30
0.21776109730213655,35
0.23637772819627234,42
0.17993338810144938,43
0.2199105899665276,45
0.5366931917836898,46
0.0745636785480134,47
0.14921599212683317,51
0.1692525841090789,58
0.1669791863159969,60
0.14153808421334013,69
0.25510774608890757,70
0.04377770124824824,72
0.656329671174992,75
0.19566263508787332,84
0.17098717476150374,87
0.1551795410410623,88
0.350954665340019,90
0.07421581103365248,94
0.4471118511033718,99
0.027789977726916687,101
0.30765653736618903,103
0.6333486185994244,106
0.36544123213732194,108
0.4743997948010109,111
0.23409851456456543,115
0.35412190552379325,116
0.2936297740214151,122
0.2453164466889491,123
0.7243522971208848,124
0.2061421782771005,125
0.33727764082990375,127
0.29678756409189816,140
0.4044841163051108,142
0.23328588813496473,147
0.2336542791953288,148
0.19467538600584106,150
0.3276856159639577,152
0.25238831988567834,154
0.3374722945009259,155
0.15460162970083424,166
0.13485127849225073,167
0.9190408621806737,169
0.4026022292574548,177
0.26871193432646345,179
0.2935405648581383,181
0.16155426564302713,186
0.2318573891647773,188
0.08985668088093744,189
0.29334495394530025,192
0.3282546280945037,200
0.15103819631573914,202
0.37883038627768206,206
0.7193388979501685,207
0.6737509278431004,214
0.6710723535375568,217
0.1089627528522936,223
0.883790514133599,224
0.6795949997910037,227
0.7283196430140064,228
0.5510965011453332,230
0.8561256820167201,233
0.8914815311729921,234
0.8651880237994155,236
0.8808619407300189,239
0.9752428333242357,250
0.43792281944344214,255
0.3696718053398102,257
0.4827645130549523,259
0.8751680249290188,275
0.637418164842359,278
0.3681038245215912,282
0.3696199849060622,284
0.5633689306029791,286
0.950234945794643,288
0.7805255526889417,292
0.7231783180163452,295
0.5522318100243303,300
0.7306249050117006,304
0.7977496810892163,305
0.33958764171157035,306
0.4534371136041945,308
0.5377096604171632,311
0.5458736708458907,317
0.4765804549775703,319
0.4297851576130942,323
0.4761777066114909,324
0.6011609025723558,325
0.5642161647572292,326
0.44676624447056745,333
0.4641923446652906,339
0.6032474686885436,342
0.02488181887558855,343
0.028681106283876056,350
0.045999488071303156,351
0.05369274150504702,357
0.04647512943905614,359
0.04632134704846062,362
0.033058206608258256,366
0.03142953105416429,367
0.03227616877427617,369
0.028800771031061833,373
0.0340345864062829,374
0.02409594681501818,376
0.04647512943905614,377
0.04647512943905614,378
0.06615243863388548,379
0.058912714832814475,382
0.06592444237051084,385
0.03985852956681578,387
0.04239099260451198,388
0.04215851381858164,391
0.04306979894265318,392
0.03385830331515671,395
0.05045141369085526,399
0.03228713162152232,400
0.02478879408128008,403
0.08012313070390659,405
0.03901332543836497,408
0.028800771031061833,411
0.031107277652941627,414
0.024024323558956395,416
0.02527525408235122,417
0.019301839834723195,422
0.023380491653290283,425
0.03626035209354272,428
0.7008663997247074,430
0.8211391690288605,431
0.7338405266698466,433
0.7404226530942055,434
0.49917997192762203,439
0.7159009904762818,441
0.7812173441090299,449
0.8218371886732102,458
0.7758696379971184,460
0.5534812090961229,464
0.8046263962992103,473
0.7576220246441473,488
0.29863858405869664,491
0.9410236753817538,494
0.6678059638603809,497
0.763028099652555,500
0.8594551175616781,505
0.2840551466597092,507
0.854269850870225,508
0.7765119594715073,510
0.8231022919761456,511
0.9251164249980705,515
0.8049477226879949,525
0.8318569343177686,529
0.8157077408295107,532
0.8170284412690205,534
0.7099295850566388,537
0.8401824560052851,539
0.8425099491986763,541
0.7331301198561737,545
0.9479170591358633,547
0.9907568072608246,548
0.9874345774719787,549
0.9479226732132916,553
0.6996899309667035,554
0.4645481110573479,555
0.5208058411284399,557
0.33806688074953417,562
0.4917047163470416,566
0.5344365725878552,572
0.42988519922867663,573
0.556647357969947,582
0.4230596276709188,586
0.3311389225843829,587
0.9863787188283462,590
0.4865967894190453,591
0.5340857072952584,593
0.5208058411284399,595
0.34948155115813967,596
0.4505885620254674,597
0.3334129319031913,601
0.1868625136452298,602
0.6777428875383573,605
0.6254408687806959,610
0.3517100716126576,616
0.6981836592390637,618
0.3436069746689139,620
0.4008364177249259,626
0.302374874622414,627
0.19011933451109553,629
0.3797389014150788,632
0.6148545595733854,634
0.3584814587254466,639
0.9661016548851946,645
0.642847293152555,647
0.30602566794561403,648
0.4764490881928303,650
0.4404865955213947,663
0.4892772262695983,666
0.5093660318668327,668
0.3333068106830204,670
0.5739580487401312,673
0.45255471987565543,676
0.15347101090417828,678
0.3415314323416367,692
0.1634155798217762,693
0.5786496834232443,694
0.3675321833913129,695
0.6697426161387693,696
0.27602506706503727,698
0.13328399501142435,701
0.8319491398952653,703
0.8294715370645801,707
0.851912534612244,708
0.8294715370645801,711
0.8364874618911616,715
0.31451318601404665,718
0.23184110791739238,722
0.21612226284618702,723
0.80186568411873,733
0.2713342546337153,741
0.8174722698322893,742
0.36146304204245616,743
0.14934304044988297,747
0.273877532155278,749
0.19977438086421906,750
0.08501972414209849,756
0.3114557426681486,757
0.06386244069468833,760
0.14502762555698917,764
0.20426732949513363,765
0.2215916882685189,766
0.21800000292838484,768
0.20184826037466763,769
0.34338848926345955,771
0.32433426423774014,772
0.42420920572718296,776
0.2865708796544914,778
0.23639828028263504,780
0.2476530984877592,785
0.35363297012945805,789
0.22363903239557403,792
0.2609395466511651,793
0.49521710276241515,811
0.2892606374228566,813
0.2892606374228566,816
0.2463616659765086,821
0.23680523339332787,824
0.26392283168164055,825
0.3160809465199935,827
0.20686716780950642,830
0.39868850704204173,831
0.43701823301833664,839
0.3452911351409299,844
0.33955234247157245,847
0.3968833220759662,850
0.40679789951232986,854
0.4510145484290076,855
0.3494128175765023,858
0.33341136263954585,861
0.3284967824883239,862
0.38812912639359454,865
0.4552447658365469,869
0.2894200558197354,879
0.44610187030657555,880
0.21041249108552798,887
0.21904729116647767,889
0.16158974490326442,897
0.24202271921037308,900
0.1863648831489509,901
0.11373679052607562,904
0.32766240667311586,908
0.30777109380102724,909
0.3100484423088322,910
0.15367373122144024,913
0.23020032387222536,914
0.1550822718226741,917
0.21972841716114566,918
0.20868513570661038,920
0.19932982539143257,922
0.24765928194921133,924
0.06367976899114727,925
0.4419824137081444,927
0.18630821806564712,933
0.14955247172515176,937
0.197012371011761,943
0.21290407748934648,949
0.4895867406877433,950
0.21016708472897547,954
0.2538036233632018,966
0.20082469147572818,967
0.2252177196162924,969
0.6194459473408299,970
0.1568497677007535,973
0.3938720217117891,975
0.25757269873248384,980
0.23493584300360149,988
0.20652155303046127,989
0.12169823093500305,995
0.0878568654172878,1000
0.07314062016449892,1003
0.0598859630354966,1007
0.12456164414283964,1011
0.1302894976948215,1012
0.11477987834633739,1013
0.07532153087350975,1014
0.6656950274251839,1016
0.07724555433225436,1019
0.14321454750367743,1025
0.08014065874500406,1027
0.4913384584448705,1028
0.15215000834053358,1030
0.3793096420192501,1033
0.20457979395203935,1034
0.050106790129080966,1039
0.06960450087888807,1046
0.0834077522010803,1047
0.07543761458259653,1053
0.14097141878420233,1055
0.2140688765634306,1056
0.12652410278655885,1059
0.13060042260079094,1060
0.08914363154641416,1063
0.07306001261706925,1064
0.14445378418404717,1068
0.09774525663680443,1076
0.08209694410157278,1086
0.08376197222213322,1087
0.08988883214037327,1089
0.15565978916109816,1092
0.09165085426727482,1095
0.16309618639814735,1096
0.1362527611460213,1097
0.079404504427272,1100
0.09651526796234966,1101
0.21831585425510577,1107
0.23330306792527017,1108
0.09200279815168473,1111
0.049464315146299835,1115
0.08765135874220557,1116
0.07535912691378734,1121
0.119315685477027,1125
0.12651998969779493,1127
0.13557690484918758,1131
0.1854302869516967,1133
0.07398869466755828,1135
0.07772524951391327,1137
0.1668850638538883,1140
0.17563106641396203,1144
0.3387661351313715,1147
0.19409202028691933,1148
0.10317569867344878,1150
0.09596370086397475,1158
0.2173506023388597,1159
0.11801778033611748,1161
0.1294807423352068,1163
0.138591304533372,1165
0.14579485594798663,1169
0.09592765742072784,1171
0.11499801702289332,1172
0.1300292751589381,1176
0.10219039612211331,1180
0.14220279169080433,1184
0.19403349918780122,1186
0.10921707492684297,1187
0.09245524395790412,1192
0.182313847977753,1193
0.10985957196093907,1194
0.0969764874816874,1197
0.14252603893643043,1200
0.22097945429439736,1205
0.14855626544805556,1210
0.1235942208789109,1216
0.09178590207564638,1220
0.6337308676747877,1231
0.48843901124275824,1233
0.4286808625596582,1246
0.3850740406116621,1247
0.47087437763531603,1248
0.47707031410078876,1255
0.5611705838420256,1256
0.5711569989319616,1257
0.36350847887768134,1258
0.4514686577854936,1260
0.12340224512883613,1261
0.5146843508743659,1265
0.5629370121566222,1266
0.5394148669639081,1268
0.6760935368958702,1274
0.4471398819727069,1281
0.5808301431152062,1285
0.4491233620672378,1286
0.5875441601036022,1291
0.5926226207861949,1292
0.41434526590159,1295
0.2819366420381387,1299
0.6066379138257137,1306
0.5546958283343137,1310
0.5909496955127467,1311
0.4669582394002793,1313
0.4854491768522779,1314
0.575322142850279,1322
0.6183156742166837,1323
0.591557667931484,1325
0.4429964196053903,1329
0.5869898756935169,1330
0.3367931711967723,1333
0.14007470894700114,1336
0.19278291234327408,1339
0.16529479859724414,1342
0.2861522080110394,1344
0.8584539798599982,1355
0.18145438514331155,1357
0.2073497504203273,1358
0.07340256152248902,1359
0.200147177689027,1364
0.16854596382835993,1366
0.29340030435794934,1367
0.18823326590711206,1370
0.1534625272662072,1373
0.08619238882066926,1377
0.07593823829034729,1386
0.34440866771835593,1387
0.3129319111226153,1392
0.014921082200116117,1397
0.31029829873031456,1398
0.10195872301650488,1400
0.20275976357646336,1403
0.17911944107396854,1404
0.07818113453342244,1410
0.2792931790075917,1413
0.2632349896983331,1416
0.14599583108208558,1417
0.2416429310636298,1423
0.24664680083921986,1424
0.07199591676570895,1426
0.23600111281676073,1427
0.08781496541574614,1428
0.1129762979373871,1430
0.09580431930332674,1434
0.6209465634231635,1435
0.575631970679914,1437
0.5950809802966552,1438
0.45414830274005935,1442
0.4082839809487919,1446
0.3824502233332209,1451
0.6437447225703137,1457
0.36438470297231973,1461
0.4381281414973037,1462
0.5295314512050698,1465
0.5442787868003875,1468
0.5321113016943054,1469
0.5370612191107247,1471
0.5610366567226266,1476
0.44409597997948985,1478
0.5269413046519135,1481
0.36046032520128035,1489
0.442860780690872,1490
0.8030006577421124,1492
0.4886407697578307,1496
0.726649433449679,1512
0.6292053115810313,1516
0.5053988300107106,1517
0.410039863001711,1528
0.9610359092368398,1529
0.9765046040099791,1536
0.6096096479985125,1539
0.5215064896952516,1541
0.5804401773949832,1542
0.957374255831315,1548
0.5912919413009085,1550
0.4732971153291273,1551
0.6469857263835548,1552
0.970347360413101,1557
0.5220105991704611,1563
0.2838501324669415,1564
0.2084909850630778,1565
0.9712442856290636,1566
0.467066571947351,1571
0.13267839520515176,1578
0.2705769559805173,1581
0.39420001321592896,1583
0.39407877868184266,1584
0.9829621520023242,1586
0.9689926752011377,1589
0.9434343614098573,1592
0.9822216114847651,1598
0.25789028886891235,1606
0.3239683479253392,1612
0.41338561612436303,1616
0.18519165701119775,1620
0.27077597305347995,1624
0.9112241968054849,1629
0.5956899626001856,1630
0.9929146722147905,1635
0.9901693118350763,1640
0.9966061984958414,1641
0.9745844664611458,1642
0.9017453079614329,1651
0.9888655152567255,1655
0.9969851193603669,1656
0.9911076681507294,1659
0.9971348023359073,1664
0.9945409677096049,1667
0.9894472323836354,1668
0.6350838329991649,1674
0.5958835048724423,1678
0.7076851366275334,1680
0.5625003731263618,1681
0.805963210437495,1682
0.7044609660847585,1685
0.3412503744610514,1695
0.12714064586265808,1696
0.10478396810662885,1697
0.12308879758432531,1704
0.23730265107506082,1708
0.2799984784455115,1711
0.22401380827461864,1713
0.18015424303695168,1714
0.22158577195636323,1717
0.19405161439069274,1729
0.16091430952347968,1730
0.2820881589006012,1732
0.1458200310137859,1734
0.22912980475549746,1736
0.28784751155545607,1738
0.31544263135359096,1742
0.16947751039149092,1743
0.09319623841686939,1746
0.20012249112886035,1748
0.2682973603864348,1749
0.309834094751378,1751
0.17515723861303714,1758
0.45368811605850784,1764
0.11307868199448512,1765
0.41186383615649325,1777
0.25849208822349773,1778
0.5211790926423832,1781
0.2865111325008534,1782
0.260599150297074,1783
0.2500772289032038,1785
0.3981896657331655,1788
0.6605534909452958,1793
0.18619729445117933,1794
0.2525328584659553,1795
0.4273507739439539,1797
0.4319981426075511,1800
0.32307437536933914,1801
0.2763007951442805,1805
0.42595277016148025,1806
0.3590037598261918,1819
0.3953322615074293,1820
0.45633038696842276,1825
0.10207308639025592,1828
0.08041456111444835,1829
0.117870961818931,1830
0.22069911833233002,1839
0.08915127757071355,1843
0.10161432891841396,1844
0.08773414452776006,1846
0.16132342708594086,1849
0.12716643706187977,1850
0.06349266491789912,1854
0.13877722730128172,1855
0.1277839222271283,1858
0.07343310708367468,1859
0.13631403183956692,1862
0.38122912477763704,1867
0.4081967330533575,1868
0.8689902816909482,1871
0.6336230064477093,1872
0.6934349564928786,1874
0.42059531360552127,1876
0.37444799861433153,1879
0.33723164717254295,1884
0.5043166145802631,1891
0.2225981437556893,1894
0.47639224720952955,1896
0.19531384939089053,1902
0.5589974664364905,1903
0.4551586137329619,1904
0.4532915676473581,1906
0.28371822505921096,1907
0.4621831686667683,1912
0.2776916778375443,1913
0.6235359652109896,1923
0.6137203596060676,1926
0.5429144927998957,1928
0.6908865741358508,1930
0.5112990710777784,1931
0.5824678313884634,1934
0.5429665304239891,1936
0.8128521761408051,1944
0.6516404552555761,1946
0.4521393259411667,1947
0.5656257059172337,1958
0.258339576557736,1964
0.7255458330088939,1970
0.5949996369565224,1974
0.8581287942405714,1977
0.9319604260092249,1978
0.918406127615598,1982
0.904705273753173,1984
0.8849346716602017,1988
0.6707149719196422,1993
0.933308781872137,1997
0.937702293762528,1998
0.9097313851621035,2002
0.8901580580223408,2004
0.9356680177314103,2005
0.8216993375721092,2008
0.8393270189077935,2011
0.6249158029676818,2013
0.857412719419419,2018
0.5827333070105517,2021
0.4406456212689795,2025
0.9398586209153874,2029
0.823138575475825,2030
0.3923582020076661,2032
0.43273342053071284,2037
0.6509520256895331,2041
0.8088561493304007,2044
0.8680678683471685,2048
0.7691616813960329,2052
0.46979737882949063,2053
0.817194261251674,2054
0.6970780691873703,2062
0.395479841868768,2065
0.4225776856492227,2066
0.7785761495559979,2072
0.6356821527963314,2079
0.6014775333606209,2080
0.32936902347100655,2085
0.45787857104715285,2088
0.10674245510958184,2090
0.06504078879373072,2092
0.09851396737886918,2093
0.09015706480826564,2101
0.07579356425211457,2104
0.09881935166520041,2105
0.11714194170949067,2106
0.2100793381824975,2107
0.2546460261972498,2120
0.127787243915878,2124
0.09301048922165278,2127
0.09254589758902856,2130
0.08709324513104855,2132
0.10995724058924028,2135
0.09599764971744133,2137
0.07045844553653954,2140
0.10179273430251298,2143
0.06932095232101003,2147
0.18697302338973637,2151
0.14101310860519994,2152
0.1763710908018986,2155
0.10761859190008012,2156
0.07645828329004262,2162
0.1143133726663729,2165
0.15796533950520486,2166
0.11757155405317656,2167
0.12305843800468015,2168
0.07239757703759003,2170
0.7888463246898779,2178
0.1429899424656504,2180
0.16373676320968755,2182
0.09605704563143964,2184
0.0984253981216264,2185
0.09971254070865909,2187
0.10427275172282555,2196
0.09762834907273335,2197
0.11015608725224547,2199
0.07692797125214632,2200
0.04543406992374524,2201
0.12882728910749464,2202
0.07071650284894934,2206
0.054572897770581975,2208
0.048226891352414356,2218
0.0906296351347553,2223
0.16089292341135839,2224
0.05826550349470836,2226
0.08257530523740443,2228
0.09856970108474632,2232
0.15006856193360674,2234
0.17862870397737826,2243
0.058559791798998215,2247
0.08880821805450677,2249
0.0504027563626776,2252
0.49368917756885966,2253
0.021939831124891358,2259
0.0668392232435385,2261
0.05000655498431884,2264
0.04860362829484121,2268
0.04218579578164983,2269
0.03398686461870374,2270
0.07591469347592286,2276
0.04576057067444076,2283
0.040815128032017756,2287
0.06295401711494888,2290
0.06361835997606016,2291
0.04552952874502315,2293
0.050314797979437435,2295
0.12563685537431007,2302
0.041072365834439656,2305
0.07559205352019605,2310
0.07378969739671072,2313
0.08050597556558049,2316
0.13944683516880238,2320
0.10890006553488554,2322
0.2704223438628555,2323
0.12528334265342034,2326
0.2761133068589694,2328
0.15892859818579064,2331
0.3320385138121905,2335
0.12953710266717364,2338
0.16907405707392856,2343
0.17776338785252713,2344
0.16472385820155158,2345
0.26587973904715395,2353
0.06886156079417029,2355
0.07724945331516185,2357
0.1582191684573182,2360
0.07352874965898577,2365
0.1064722361343658,2369
0.10630524030568989,2371
0.12666543371951255,2378
0.16608989804937757,2380
0.10505469142271316,2381
0.579395491901106,2383
0.08126694120557225,2384
0.16756971665283318,2392
0.10030404989910716,2393
0.2719766987843666,2401
0.1168121829345119,2403
0.07046654271166194,2404
0.15516942952478407,2405
0.11751159229904962,2407
0.07585333644432506,2411
0.09138358346015625,2424
0.03887565538921398,2426
0.05387797524094759,2431
0.05844155908046899,2433
0.01548066224782569,2434
0.0579203256139572,2436
0.07016186169264702,2439
0.0612219191610181,2444
0.07746418493934995,2447
0.05551255120349986,2448
0.005331430158856238,2449
0.04743327406777838,2450
0.10413029894368916,2461
0.07068675572298058,2469
0.24606893004118124,2472
0.05322816142674647,2473
0.05651490893292329,2474
0.04289287981106656,2477
0.07637868692681937,2481
0.04437334815006556,2484
0.06168101712878968,2495
0.05850264533025877,2503
0.175627387847286,2509
0.14082942411181543,2511
0.21169457374143355,2518
0.19644055499893728,2522
0.2109631146980388,2525
0.047078759153279255,2526
0.07142291993341869,2529
0.08950930054313481,2533
0.07148451609184549,2549
0.07898073756774675,2551
0.34050038302399604,2558
0.23817550544335195,2562
0.1340636106132533,2563
0.06495621101989935,2567
0.30907951988898197,2574
0.10049878855269419,2577
0.11835569640015883,2578
0.17488752759214826,2580
0.0881204053504384,2581
0.07421377842668274,2583
0.07486761401651744,2584
0.15756288823820103,2586
0.16244959078867707,2589
0.13502771449283893,2595
0.1329190715388969,2596
0.2791103410849391,2600
0.18274897912291754,2601
0.11472140335704697,2607
0.06110891785932329,2610
0.06404464519468213,2613
0.24412382756144307,2615
0.06475210011475221,2618
0.06717442019904633,2620
0.2182213808752502,2623
0.0551473273355584,2626
0.08332561139586674,2630
0.20740871676405834,2634
0.22238744227693355,2636
0.09586782874760068,2638
0.25232715818591334,2639
0.08712937463656341,2646
0.4923441210588477,2650
0.13350085156615335,2652
0.13984133055677234,2653
0.05046328393982779,2654
0.0481204832396531,2662
0.06652222805314897,2665
0.09660713655938244,2669
0.08859834509286951,2674
0.1361901950879937,2678
0.06966685854659375,2681
0.10763992635181586,2685
0.1197869832005607,2686
0.09854611065803241,2690
0.151745353040839,2697
0.1401596741611493,2699
0.15273113038975386,2704
0.09954356263706138,2705
0.04135495060683716,2710
0.09911569541804002,2712
0.06179155284424099,2713
0.08616700585785522,2716
0.05164820587414613,2717
0.08161382223245253,2718
0.13268705368122202,2721
0.09809099219345725,2722
0.05843776226160474,2735
0.07370453853071018,2737
0.07408292325332755,2738
0.11587972161104809,2742
0.09575694976440007,2745
0.060949642545058795,2746
0.05235802021597732,2747
0.06295807441648683,2750
0.04467639960195868,2751
0.13705987552575502,2754
0.47269840103583766,2762
0.03982516027051559,2764
0.08925265876771066,2772
0.0913251816529783,2775
0.09270086157249548,2776
0.1875217034334421,2779
0.16350923598983857,2781
0.04258688916995638,2789
0.04630074607412705,2790
0.10634338391316946,2791
0.12613642878416792,2798
0.10813148765940407,2800
0.1772462566124038,2804
0.15326142225677114,2805
0.12979296449573358,2806
0.1111848666321907,2809
0.10065161228689105,2810
0.1258369539862781,2812
0.8945180320882051,2814
0.07612007044551888,2816
0.1258369539862781,2818
0.14021992463183508,2823
0.4371110195658361,2824
0.523331754411565,2834
0.18974696690020937,2837
0.10673529974465963,2840
0.7745446908172445,2845
0.382275805482823,2847
0.0961906519847049,2848
0.08914750030225904,2850
0.2605568029070724,2859
0.20305717652254396,2862
0.18200451876669457,2868
0.1418771745683358,2874
0.17636419602691145,2876
0.04506537681460839,2892
0.20819051008705694,2894
0.1407759342853547,2897
0.16470280213984664,2901
0.14795010754721497,2903
0.08584626886916015,2904
0.05362685885430395,2906
0.16181463461251916,2914
0.044451838567300055,2918
0.07672432806466502,2919
0.07215771901786326,2923
0.05234438427699889,2926
0.0830886259925492,2928
0.06846414709439944,2930
0.11135811481084519,2938
0.22552217878165395,2940
0.04149720079668903,2949
0.05329674896155098,2951
0.1261803087552889,2958
0.09187443611815288,2961
0.08059875747344435,2962
0.11954304833656491,2964
0.07299938058022983,2966
0.08533655920473404,2967
0.04200034704722084,2968
0.0704828032023578,2972
0.03398014335304105,2977
0.08619560430670907,2978
0.15612890976513985,2979
0.03719780024925817,2981
0.21189680390480595,2985
0.10865358708375511,2986
0.4355998750793158,2989
0.08047436364270341,2994
0.1708873676048627,2996
0.08541575029510999,2997
0.08164366073190689,2999
0.08904227979210524,3002
0.09627000479688431,3007
0.07760138188538478,3008
0.1079477077461654,3017
0.04775649081248295,3020
0.10148467958703637,3024
0.1804767437861198,3028
0.2749179625087853,3031
0.40273618673609146,3032
0.32049033853160996,3033
0.14141493745748177,3035
0.17766049465056474,3040
0.3120980805576815,3041
0.24330553010252032,3046
0.274588537466932,3050
0.1289819948281139,3063
0.23953829793873166,3065
0.09786028664692888,3067
0.3721951984275645,3069
0.24201326453352917,3076
0.13780851019103782,3078
0.22296932573214162,3081
0.28636580945417256,3087
0.23837322902517696,3088
0.14085400881523877,3094
0.14482937400979465,3096
0.2774077281219104,3098
0.36643336837660284,3103
0.3568767870090278,3110
0.498909484510522,3113
0.9009858389373084,3121
0.6906863421328262,3127
0.6942448360762791,3128
0.5599692612689358,3129
0.6917280145177467,3135
0.3543449780771344,3143
0.7561209705101609,3146
0.6861572419694144,3148
0.6045264642445571,3149
0.4019259078113896,3151
0.07546235178678978,3156
0.016505095914679992,3160
0.053879395915583154,3164
0.06510463697424895,3169
0.06975346157038836,3178
0.06825003893018733,3187
0.04887783865935217,3194
0.056465583424857774,3202
0.05555992995655983,3203
0.03316198864659629,3204
0.19625098863756554,3206
0.04638951812703427,3207
0.04557832866899597,3208
0.29094789638080576,3209
0.04638951812703427,3213
0.06409688893795852,3214
0.045365580222410294,3215
0.038341394970117994,3220
0.05957108671299304,3223
0.04699935616923145,3224
0.04638951812703427,3226
0.06797291399356206,3228
0.031745575046543545,3230
0.0416786321183823,3232
0.05391469469946543,3233
0.02462556202465661,3234
0.04631057874758358,3238
0.06825003893018733,3246
0.10365185804142832,3247
0.05375488823793382,3250
0.08792931793261279,3251
0.06625987162710174,3254
0.26767172781662646,3257
0.0992097349008114,3258
0.25399566697104237,3261
0.19633689002989188,3267
0.2651619504161539,3268
0.14935135537071767,3269
0.08249974684680153,3271
0.16965028514475258,3272
0.12474788726456813,3273
0.11322766997562672,3279
0.19159656901576574,3290
0.226017624910931,3291
0.192917117359264,3293
0.08066458230885899,3294
0.11071782459307762,3298
0.13214416693798642,3305
0.18071824079015508,3306
0.11755544594773097,3307
0.13200546077573683,3310
0.12529538387520553,3313
0.10944559877997377,3314
0.12486845895031647,3315
0.20040576605273525,3316
0.5154637421104799,3321
0.16414068984105945,3325
0.09311832118276761,3326
0.11281337527828227,3327
0.38467160263939437,3330
0.16995263133002064,3331
0.1819649830661838,3332
0.11215792543383128,3333
0.11239389117714142,3343
0.09972770520277162,3344
0.025018109242238806,3348
0.028276564566718718,3349
0.03344772565766831,3350
0.06955524377103264,3352
0.047161076504278775,3353
0.02788145282788521,3354
0.06522646877827336,3358
0.04290109905140993,3360
0.020654991560206983,3366
0.037053397434121324,3371
0.025168866875148427,3374
0.03431990424078062,3375
0.08488851114066973,3378
0.04384031472971873,3382
0.01856318023568926,3384
0.033664397324727195,3385
0.028898447922253167,3386
0.042047230723511714,3392
0.03611910196544306,3399
0.03257098128889846,3407
0.02173468068893189,3409
0.051707496630257685,3416
0.02723257527475815,3420
0.16833394598479734,3422
0.03409371192201803,3424
0.16127190264759933,3426
0.04222537363035759,3427
0.03460340312112586,3434
0.03292657187827359,3438
0.03754873353565004,3441
0.041590196721053733,3442
0.02265758253177959,3443
0.049388317170723596,3444
0.05984567639172903,3449
0.06156871873028274,3453
0.037009182228765265,3454
0.11081844282399325,3456
0.05902543714640356,3457
0.0898900233619829,3458
0.056969556729410106,3461
0.06649482814877936,3467
0.294085754172179,3479
0.7408254761281419,3488
0.4150672097854836,3491
0.7766306712692357,3496
0.371006836946694,3502
0.8003435128422121,3507
0.33304858344553867,3511
0.6697225943955523,3515
0.8496703985080538,3516
0.5399258542031197,3538
0.8891933552366489,3539
0.6190245081853369,3541
0.6557764831520173,3545
0.6856148469631418,3546
0.5734609216899978,3547
0.6231730802265891,3551
0.1684453483800916,3553
0.3041845957658423,3556
0.3643306367841355,3558
0.1919814436821802,3559
0.26047535803836075,3561
0.08367634734568383,3562
0.2653957269248723,3563
0.11959868133456987,3564
0.26878292431889983,3571
0.20966855269638093,3574
0.3444382506679277,3576
0.2193554822877833,3577
0.4898068256261399,3579
0.4522774159448062,3580
0.3181087444587219,3586
0.3935021670520755,3590
0.28532576179618674,3599
0.2329136325892487,3600
0.23500701609315616,3601
0.30962595585925684,3605
0.42940304841311494,3606
0.4157972632441494,3612
0.2864727646440066,3614
0.2948449721721267,3615
0.2340049538371675,3616
0.6081606111935056,3620
0.34478312359243585,3622
0.08361454070425536,3624
0.46004825114558673,3630
0.3966818497364659,3644
0.13561371997767974,3649
0.2712676521755091,3651
0.29473682752777175,3654
0.23922606200976537,3665
0.14322243760238934,3668
0.1956726737145856,3671
0.42721546856062675,3672
0.32893206275977,3673
0.31578250118370543,3677
0.39311334820843796,3678
0.35258366774295896,3687
0.28076993882352813,3688
0.33319028587542837,3693
0.38523612549255576,3698
0.36996687180699633,3699
0.9665597141249915,3701
0.3186138721895907,3703
0.17442686019100734,3706
0.1821982224902653,3707
0.7127443415120368,3709
0.5998336813268902,3711
0.2842197718550088,3714
0.3134537181801396,3716
0.8860422304529059,3720
0.9502884812609006,3728
0.23513783596146795,3731
0.6262328211124457,3732
0.8068596537450172,3733
0.5887172168556947,3734
0.9283083534613306,3740
0.7128482935661854,3746
0.7551062620369773,3749
0.8576599265903833,3751
0.51262958914676,3755
0.7094349298166507,3757
0.9102413453933135,3762
0.500301160805305,3767
0.604639387283515,3769
0.7627621910787877,3779
0.8722303031083251,3781
0.8307465558286187,3782
0.7413186687428424,3783
0.6453473362845712,3784
0.762549038322251,3790
0.9218111323517035,3791
0.9862301135966394,3792
0.8061031667038818,3794
0.6444524506717711,3799
0.810460137772516,3801
0.8309522438387095,3804
0.7854788601294264,3808
0.8666728262401898,3809
0.5104437635227153,3811
0.752539156791864,3813
0.8901053105652729,3817
0.4191170336066317,3818
0.656425877499628,3823
0.5636880414644997,3843
0.7793502242314485,3844
0.7727425298216973,3846
0.8917937053206425,3847
0.8004508093988305,3852
0.8261342784523767,3854
0.8206933580370384,3856
0.7975966440856215,3863
0.6003583110262941,3865
0.791934874396412,3867
0.8233642246858893,3871
0.8586467885998992,3872
0.8150789454518403,3878
0.7882760180012297,3880
0.8339352574002131,3881
0.8910681213777981,3882
0.7794141322723901,3883
0.9325820846646943,3884
0.8165311650557189,3885
0.7987897247907929,3886
0.7590307252312934,3890
0.865551671620984,3891
0.9595035913522342,3898
0.6003583110262941,3902
0.6964493072486555,3909
0.7695083638123524,3910
0.5625899171663425,3912
0.9814458820098263,3915
0.6701528257537015,3918
0.9897185791508918,3920
0.8420537879779625,3925
0.29646865713222437,3928
0.6451925083222588,3929
0.9804339503944659,3930
0.6831429815597743,3931
0.4861796330020119,3934
0.39074748535031884,3939
0.5117846486391231,3941
0.32822250591144436,3942
0.5866651250322218,3943
0.5907025475938164,3946
0.4896312458410094,3963
0.5679791316570736,3965
0.36389177393888394,3966
0.3954469058914593,3971
0.9175727435199638,3972
0.4993985844092543,3974
0.5926404497546653,3976
0.35599714826340717,3978
0.47897338443096993,3981
0.637883676832137,3985
0.5156358998979376,3986
0.6820113152340002,3987
0.9902326727521076,3988
0.9845942879507383,3991
0.729402785280917,3999
0.703276189165127,4001
0.8321434758313059,4002
0.6403284013057939,4004
0.6851243985957022,4007
0.7305684092925926,4009
0.8265700637311719,4013
0.8119388150820145,4015
0.6157510155605128,4016
0.695907594953943,4023
0.6271177394833884,4031
0.7494613013309994,4035
0.8319126135253909,4036
0.8527249283676607,4037
0.9728331152275544,4040
0.9107394427471134,4048
0.7176808497309382,4053
0.7193234599835258,4056
0.7006037640424758,4059
0.8174122889606225,4066
0.8548153325240423,4067
0.426556924623638,4069
0.6457980959778756,4070
0.8852945927070273,4071
0.8284176174270963,4073
0.48973218111656985,4074
0.825300091798755,4075
0.7556350552476269,4082
0.565544591347335,4090
0.8966048364027612,4099
0.868571323398262,4102
0.6619918440270351,4106
0.7638503723170271,4109
0.6927288456307623,4110
0.48973218111656985,4115
0.9160927808438509,4118
0.8812349092478845,4120
0.6855578864448019,4125
0.8241164719961045,4126
0.9272735079006921,4130
0.8954204521057465,4134
0.9266502687582827,4136
0.9321778966866556,4137
0.7088492630202433,4144
0.8312922781097859,4148
0.5964837169305236,4151
0.09390967418729314,4155
0.15701663231000032,4162
0.1281075570214127,4165
0.17214007990030547,4169
0.1514094442603757,4174
0.18098999806534816,4179
0.0921168911804394,4185
0.16934587762271094,4186
0.17839146377144366,4187
0.1842283706869086,4188
0.1951894822716559,4190
0.14384724387474548,4192
0.1740154608631553,4193
0.1736441016630354,4194
0.15590949817917973,4195
0.1238583605115287,4196
0.8182874396936618,4207
0.5619524970771965,4208
0.7986136332441881,4215
0.6480045274497552,4217
0.13361408498074884,4222
0.5891975529450648,4223
0.14459004511306608,4226
0.30832548266552334,4228
0.27687182104114716,4229
0.7672130975105828,4231
0.14013295983158694,4234
0.1682376104970636,4236
0.07089056649631927,4249
0.36006676930183923,4254
0.37755949513253656,4258
0.09741538666129644,4259
0.21375320849676024,4263
0.1894494354245949,4267
0.16908710615633793,4277
0.11251730651599086,4278
0.09259520098149135,4280
0.19704523243434022,4283
0.2627338306120851,4285
0.33377080317975377,4286
0.11251730651599086,4287
0.5746863632759106,4290
0.21832534650821644,4291
0.4200408051007867,4294
0.49697930361518605,4302
0.6594086355778443,4308
0.25012881754611377,4310
0.724702899124287,4311
0.7208781825577627,4315
0.11881010861842461,4316
0.2422685717085765,4319
0.32951243466757346,4331
0.3495006899995935,4338
0.7475177897446816,4339
0.3674333055771229,4340
0.7265566579612038,4344
0.5355852390203827,4346
0.7111920374427297,4347
0.6397405897798085,4360
0.8906179517328343,4364
0.4751883509763647,4367
0.5163961000692424,4369
0.5971216960942588,4370
0.4119476093167089,4371
0.7545805439071912,4380
0.38607201431516536,4386
0.6391202910062109,4389
0.80664643300465,4390
0.5784216184137815,4394
0.3474407793385091,4399
0.343093533892267,4400
0.4141403238512772,4404
0.3955674171195576,4409
0.6628085189277821,4414
0.27097066974962086,4417
0.21149110637392574,4418
0.22325054399533525,4419
0.690533232012173,4420
0.5205803347777928,4422
0.33036036782420963,4429
0.33485590249863717,4431
0.33852394320901247,4433
0.34841999697475967,4434
0.412545149832743,4439
0.4222332873009195,4443
0.36117543499849825,4446
0.6105483960262752,4447
0.47658077858940207,4453
0.4268875748347061,4460
0.6396717867086127,4461
0.4512929742496649,4462
0.4346200769202694,4467
0.7803003785658935,4469
0.4194666151614891,4473
0.4560044994300748,4474
0.2846160487413076,4475
0.2434082243999255,4477
0.4696456559195607,4481
0.23794945044519683,4483
0.3127983341327632,4484
0.4636426987928064,4485
0.32517716323422613,4495
0.10496074389498627,4497
0.448272892579232,4500
0.4235993406582161,4501
0.24443052968287013,4502
0.6295913535549174,4505
0.46408243973225505,4506
0.2994923838320703,4510
0.6990613029301953,4512
0.6969382354237905,4513
0.39983053244245836,4532
0.591024513609168,4535
0.5674350053698619,4536
0.48041157876991,4540
0.6990344812926169,4545
0.4613546618824417,4552
0.8296456434490009,4554
0.22900548536296797,4555
0.8564214371193439,4558
0.5279357128724412,4559
0.561980636518796,4560
0.5552961517519417,4566
0.5504331452734595,4570
0.666987056124758,4572
0.4714409023728166,4574
0.8805300820201056,4581
0.850234647453632,4583
0.8336557647352103,4586
0.9858333624021172,4591
0.6948468405365801,4594
0.8339232634262054,4603
0.6133150122139148,4605
0.8732723665202419,4612
0.8775841564150244,4613
0.6637115598501752,4615
0.7005876838959281,4618
0.5430550542911882,4621
0.7967519278439422,4623
0.7992616649664636,4626
0.644859991656596,4629
0.8301156864008411,4633
0.7868953373100285,4636
0.6336386202676664,4638
0.8749037752497466,4640
0.615196097467486,4643
0.7981734386096677,4645
0.7246039579126945,4647
0.5773913913613613,4648
0.5994253257018586,4651
0.646562754093949,4652
0.6175340435592023,4653
0.7771079046424594,4654
0.5793366481784711,4660
0.6113441889585765,4662
0.8372426699546394,4663
0.8429448006690454,4665
0.45862368283453264,4668
0.4287289815014132,4676
0.9438342799383104,4683
0.9012304679396987,4685
0.6099388094581473,4686
0.5453003632438899,4701
0.5574931623822869,4718
0.6074473160460209,4721
0.5362631602675284,4727
0.5601160366570137,4728
0.9333386954072951,4733
0.5169626170130197,4741
0.5003331230681028,4743
0.37677052961937635,4746
0.32184449379966135,4751
0.6222761563716305,4756
0.3632463101741681,4761
0.45619507865636627,4763
0.9802264552429129,4764
0.7119043841178506,4767
0.7749926950191445,4772
0.8388598233613449,4776
0.92635382985427,4780
0.7355646546623782,4781
0.7178655526841383,4792
0.8678785344429769,4796
0.8179187265717358,4801
0.49770535866789556,4804
0.8375439509244605,4805
0.9796851282263179,4806
0.34306049729476346,4811
0.5564594276114447,4815
0.398278604810434,4816
0.7855573336185773,4817
0.6873528711850967,4818
0.4433394055901173,4822
0.8276704180189445,4824
0.9419395679529896,4827
0.8313523236538216,4837
0.5807521350513182,4838
0.9197284760359624,4839
0.2672285707098889,4841
0.5292404392620906,4851
0.37717738209681645,4855
0.0865204581235501,4861
0.1816470045532666,4862
0.04464732631532581,4863
0.12974330660663141,4865
0.11104979068142426,4871
0.12081146371356492,4873
0.13713753700853057,4880
0.15444191252038456,4885
0.07365018719683672,4886
0.06719459004981344,4902
0.12484307747005126,4904
0.07723254818776934,4907
0.14658303117349097,4916
0.1740215387242324,4921
0.1336451897570173,4925
0.11307689827964922,4927
0.25962568412107156,4928
0.16018808224762357,4930
0.06876896244925884,4932
0.15709781469159187,4933
0.16558646122158102,4937
0.8349374435786249,4939
0.20511794661846977,4941
0.14872748369471928,4942
0.07443710636552153,4947
0.15848545505207798,4949
0.1278041583471232,4950
0.164401927225559,4956
0.16807473331643077,4960
0.24200228659791567,4963
0.12361806510756523,4965
0.07377273555350224,4976
0.0636723563210591,4977
0.5805438999009465,4987
0.5902408189195243,4991
0.6984602835393673,4994
0.6345462768079155,4999
0.8118440600936199,5003
0.8583535868962775,5006
0.5146959173850957,5009
0.8772533457780026,5011
0.98201655740357,5012
0.35083247156769215,5014
0.6852242392153605,5020
0.2862817074715576,5021
0.7441714492228358,5023
0.274288153943473,5026
0.6930003438412099,5030
0.8958101369016976,5031
0.8798408360855612,5036
0.6440260238710329,5042
0.7891544401178093,5045
0.7605872310637143,5048
0.4109003992983797,5051
0.7806463614157472,5053
0.5383322905347079,5054
0.7340874020170538,5057
0.45937701212215976,5058
0.8430705903963379,5066
0.9501472487375562,5070
0.46162311372317144,5077
0.5374096649096701,5081
0.5095939765402956,5084
0.31779868015455903,5086
0.5745406097007564,5090
0.45615976793975166,5091
0.22760976846922507,5093
0.4753283975980026,5100
0.8546938502092235,5108
0.7937924629898544,5111
0.8258384675225224,5112
0.44955073346054314,5118
0.8048850982366988,5121
0.8291306396394733,5123
0.8648971245705339,5129
0.4582848262663201,5133
0.35529896577473913,5143
0.30685667718720705,5147
0.8783460570707265,5151
0.8672658748986201,5156
0.8130230427001001,5158
0.43901466419924146,5161
0.4769435904286236,5163
0.44924657041524063,5167
0.8362757712683985,5173
0.32379809770054313,5205
0.289268674345504,5214
0.37010190892759337,5215
0.21942932919076227,5216
0.40689513852153514,5217
0.35101479549971404,5225
0.31292137027667305,5237
0.2652898882275268,5239
0.3230368091422353,5240
0.32613119971020815,5241
0.23828808615571795,5246
0.19843120825325,5250
0.14060198326706883,5253
0.25176135084823703,5258
0.1727774759444504,5261
0.12047616674232967,5268
0.22724265896797577,5275
0.24434383263498927,5277
0.15037396377150902,5279
0.04710584693369161,5288
0.06294328060988974,5289
0.24701921634230564,5294
0.11573737009658464,5303
0.13136474592316724,5307
0.21308014173588014,5311
0.3530116627687807,5312
0.2761170549216539,5314
0.13106896160097029,5318
0.12927121471962968,5327
0.27151630700345486,5329
0.17154981581232295,5333
0.2986466901199187,5334
0.2965663748225796,5340
0.29294896052339037,5348
0.3295229044859573,5358
0.2927480642774795,5360
0.1276476087574687,5361
0.22986644627307082,5363
0.19934038547517097,5364
0.4048563442663835,5369
0.03917707410367544,5370
0.19207914578602187,5374
0.4030255072343571,5376
0.21844628191997995,5388
0.25490741079930374,5390
0.14401372588134267,5393
0.2898517642497868,5394
0.72583679992701,5395
0.745241825816822,5398
0.6101505506767996,5399
0.31878590856498784,5401
0.7723094745929553,5402
0.45214472433505537,5405
0.35600058892320957,5414
0.45909883971612153,5415
0.4586077011052918,5419
0.35457063985731646,5421
0.35526527601615,5422
0.24554295862666387,5424
0.5525358194558824,5427
0.3141945971174867,5429
0.5520816235355374,5431
0.3529776196718788,5433
0.7671891361827199,5434
0.37457168890070236,5435
0.2817506809234659,5436
0.7633837335470441,5438
0.44103570504407663,5440
0.4263997558845489,5441
0.37082597821277713,5447
0.31355902470978864,5451
0.46402630719926924,5453
0.32889681470396004,5456
0.5414336739517169,5457
0.3300652902354536,5463
0.2198560790222381,5464
0.51580644490458,5470
0.25432810506897124,5472
0.2707998666167923,5474
0.08179873019825963,5478
0.2327000787967238,5483
0.31633369242081477,5490
0.27705986440206226,5500
0.17600191084663264,5504
0.34560382574161563,5508
0.09529440427546694,5511
0.1169267255018752,5512
0.09927653168206077,5513
0.14873272472799767,5516
0.1450408094713764,5523
0.09236908142218771,5527
0.07373213286911884,5530
0.3161499620261344,5533
0.11344092408931268,5536
0.13977064872671932,5537
0.10696678949753237,5542
0.1515484169222933,5543
0.09243685996116831,5546
0.11054687102560153,5549
0.34963780827135366,5550
0.1786989403148436,5551
0.1499663764499548,5562
0.14151483030241724,5566
0.549430754864071,5568
0.9324247538470519,5571
0.688852209326193,5572
0.4056333724717589,5574
0.1542806147300223,5583
0.48069315466884155,5585
0.45792359569108243,5591
0.4996091921962564,5596
0.16510306085657372,5597
0.6994929954083644,5601
0.6608076760391132,5606
0.13048422295081819,5607
0.17934400656919977,5610
0.15447247756303067,5615
0.40291151237142153,5616
0.30447491839814056,5623
0.08104670183858254,5630
0.19854376480515068,5636
0.0812620362464434,5637
0.13196661292376738,5639
0.16042804923919293,5640
0.17368288284523842,5643
0.09673316443585471,5648
0.10188432371147224,5649
0.11603915871736865,5660
0.1973385257628035,5666
0.5537051286337612,5667
0.28816913890887785,5678
0.07219864062796316,5679
0.2587411300749739,5681
0.19013296990981604,5682
0.07170477257926712,5691
0.5030976946655769,5696
0.25546280693222045,5697
0.21061984438345915,5700
0.2179029924451777,5701
0.26320685288324275,5702
0.2978660890855039,5708
0.2640066923617093,5709
0.4770021190365153,5718
0.30347242274127445,5723
0.3110398800233186,5725
0.34019939072922406,5728
0.3086013746557391,5731
0.2653427443162404,5735
0.3706146565527765,5737
0.3478682179636181,5738
0.8881480643138308,5742
0.8032159145074848,5747
0.8362018039195064,5749
0.9602175651943231,5750
0.8778966209706591,5755
0.9121767543510068,5756
0.9868737805704131,5761
0.9888721225139456,5762
0.9184505729823121,5767
0.8156849839420218,5768
0.8098189976834214,5770
0.8290352396479118,5773
0.4320415500855411,5774
0.6687745935443792,5779
0.9613404820456668,5782
0.21290102088026217,5785
0.6424254932231195,5786
0.9796522762916287,5787
0.5916379646635518,5788
0.34800289577101534,5796
0.36021294417941285,5802
0.9530922066515424,5806
0.44113890908938724,5809
0.35482893167376145,5810
0.8492416918664324,5811
0.8341256392810994,5813
0.42045253902584073,5820
0.4175694168860231,5823
0.8874480299673065,5830
0.47649748159118294,5831
0.5875523155627612,5838
0.5740332868615577,5839
0.5467156349767478,5844
0.6120282564611517,5846
0.5614140042958805,5851
0.7598589661593577,5852
0.6152843250511247,5857
0.6588717757064055,5859
0.8699324413851943,5860
0.5780333235783086,5862
0.7561798739802881,5865
0.6500590112530223,5866
0.9462261970074892,5871
0.5247272614506917,5872
0.8939899179380858,5877
0.8803363197996132,5878
0.8956421406550749,5879
0.6642769834626325,5880
0.17612941231712403,5895
0.46944391017420284,5897
0.4664092648572947,5910
0.683786404824108,5914
0.48690911511203455,5915
0.24471751282474236,5917
0.4492275807929172,5924
0.6844461866499231,5926
0.4547198509911151,5931
0.2958334305518224,5936
0.37104833517975244,5940
0.40066715114481694,5941
0.29907512718536133,5945
0.3806892381520824,5946
0.6976922879609244,5948
0.3095653848376817,5951
0.46786824611841954,5967
0.37763318416093433,5968
0.5245134177868406,5969
0.36871270610806184,5970
0.792508168599906,5971
0.4549393031516136,5973
0.49081165625281115,5976
0.4331326785588425,5977
0.38304113395693834,5984
0.681884085247764,5986
0.8237083876452971,5993
0.6925312240740849,5994
0.5906368674476264,6005
0.7115635137681785,6006
0.6511510570008344,6008
0.5944675601818442,6010
0.35857347060321026,6011
0.29039753529138657,6014
0.40890352260989515,6016
0.09898526610214771,6018
0.4225748337619224,6021
0.6654176096116258,6025
0.43963982041273314,6028
0.47671675207029407,6029
0.47445830688485935,6035
0.4235398914086889,6040
0.4132423732450554,6042
0.5225669673693357,6044
0.5041942403784995,6046
0.5775341878491489,6052
0.7066765381373104,6054
0.5827805806223032,6062
0.49970338192792646,6063
0.9256366930537738,6067
0.6474927455030232,6068
0.4461977628478459,6077
0.4893389388158612,6079
0.5090755688304678,6080
0.9292856766376344,6081
0.9054354986957174,6082
0.2409701022643704,6089
0.095427579074059,6095
0.23667841971387843,6101
0.21078898447737265,6107
0.15682288311955153,6114
0.3219661675100772,6117
0.221833233421533,6121
0.22768194848585965,6122
0.6668754980261963,6124
0.5471588739449919,6129
0.5504009321129099,6131
0.8314595119478169,6136
0.37824008852528335,6139
0.6077578456494046,6142
0.7966442157554087,6143
0.5776914280103417,6144
0.6077578456494046,6149
0.7107847544646685,6155
0.48457025178531726,6157
0.31828219830325266,6158
0.7879381641227136,6161
0.272421212744266,6168
0.8015244603259316,6172
0.8434280159618303,6176
0.3423160023810617,6177
0.5242262225549346,6179
0.7826434796573479,6180
0.46174607063332745,6182
0.4244185159176179,6186
0.45132893958344367,6189
0.42158354543293164,6190
0.9023170564510272,6194
0.2813967493672716,6204
0.3590448938739543,6205
0.18881654161478573,6209
0.31287529285023913,6210
0.38260554496089705,6212
0.44278077925084025,6214
0.9792822881009421,6221
0.4771934677382271,6225
0.439938886481862,6228
0.417069342096058,6229
0.08436188983707357,6231
0.09416088853191014,6235
0.13240165420280858,6236
0.136613112366138,6237
0.12060240440761717,6238
0.12097782182517725,6239
0.12056257562767218,6242
0.13485316193755265,6249
0.1324638537754879,6250
0.10373117316686668,6251
0.17241403996279592,6252
0.019029437964089662,6260
0.099325184684048,6264
0.06150116900831959,6266
0.09024883139304359,6270
0.1351869135496632,6275
0.07459465612556325,6279
0.14476347466261988,6280
0.09622245790693311,6284
0.20427294466736212,6285
0.26292342313450734,6286
0.20970635554333728,6287
0.13060014493458655,6288
0.24317995330935885,6289
0.06711467433352866,6290
0.1910262310238922,6291
0.13516582173568958,6295
0.2885016950184314,6298
0.209589753926537,6307
0.10865668904415116,6308
0.23128787664305725,6309
0.22316394293752612,6313
0.3134312402510956,6316
0.18684844896098984,6319
0.14986220708727643,6321
0.1286674782079086,6324
0.12359042665635947,6327
0.12964937722127046,6333
0.09653660451445763,6351
0.3231497050646314,6352
0.22817507298885784,6353
0.2934594514785849,6357
0.07196069101211633,6359
0.19057592004982227,6360
0.2820244530443102,6364
0.1130802289464174,6367
0.19461020187577222,6368
0.33036425796720614,6377
0.19157710404319536,6378
0.08111946409482394,6379
0.2184019374576232,6381
0.3915113938125303,6390
0.3178001835871438,6401
0.2568476742442146,6408
0.19098035967372065,6409
0.15186192153000946,6411
0.10648996651402098,6419
0.387538103862871,6424
0.18215228389986082,6426
0.09708091435185552,6428
0.04269561367514301,6431
0.15678460055040264,6432
0.23800330651000082,6433
0.41496875307667447,6435
0.20210762662093137,6437
0.6865339934102538,6439
0.14429392794924267,6442
0.3857210421272042,6444
0.28572619768549584,6447
0.5330659316831659,6456
0.22990284874201455,6457
0.09383460811834533,6460
0.2072273588834825,6468
0.3872672642237636,6471
0.30324940783685095,6475
0.34495363847141686,6476
0.3970568731260326,6479
0.6161143038817086,6483
0.12605280407257155,6487
0.1389879437192893,6488
0.12370252522142286,6489
0.10655779727648962,6496
0.13112750254496458,6498
0.10696713953944423,6502
0.0895021409907136,6503
0.16024395674394282,6507
0.12400631502976125,6508
0.14958813777144583,6509
0.1372486848536002,6517
0.10156687783714269,6521
0.13392015573618124,6522
0.07123439705467415,6524
0.07637532406517261,6526
0.19190386169703283,6531
0.0787859912010544,6533
0.07785794622615773,6538
0.12952001905312507,6539
0.11352130393965988,6544
0.1275605787130395,6557
0.09460887900392559,6558
0.13229469400857627,6562
0.17566291844427967,6563
0.04901708722731588,6564
0.15793516205209573,6574
0.2709173240387057,6578
0.31542999504872327,6581
0.5370411550793812,6584
0.615640561370854,6587
0.3727876581784979,6589
0.25499877210041944,6590
0.4708663376673381,6592
0.2797803387431849,6595
0.3806120084821576,6599
0.20960042030653864,6600
0.41852554239158457,6606
0.307352434501059,6609
0.3007117079785418,6612
0.6450027602194517,6615
0.2854889042822728,6618
0.320906580001251,6620
0.24824086643970147,6623
0.296732570207445,6633
0.647276282874245,6639
0.5855908039949985,6640
0.6386728308897165,6641
0.42260085986312584,6645
0.45960344267587283,6650
0.31066744529921075,6651
0.4555194923599404,6652
0.43854948099844004,6657
0.345693511998321,6659
0.5773388595140128,6666
0.3096749087484255,6671
0.7195065294723136,6673
0.37014520229959125,6674
0.3321360532920558,6677
0.4126473352957971,6680
0.31190221440511706,6684
0.16531678043487932,6685
0.27717286946640585,6691
0.3702984043545788,6692
0.3888585619975092,6696
0.3145026162962046,6698
0.5975436620318273,6704
0.2948449721721267,6705
0.28218367027149777,6710
0.34524323375615046,6713
0.5229698722159488,6715
0.29391185876638354,6717
0.23652344663269317,6718
0.31407951789848687,6720
0.3355096854287255,6728
0.33358724529042333,6732
0.321397530347165,6733
0.30402769803102214,6739
0.3587737484476599,6740
0.16016342867948075,6741
0.3634908726013635,6743
0.3493294925510224,6747
0.28279282488930213,6750
0.7748035488083994,6752
0.36314241143957565,6753
0.41550313633037034,6755
0.361909045070297,6761
0.4111459451483349,6763
0.2749161335673764,6768
0.3502020281275426,6770
0.4280320544215052,6771
0.3822765844475088,6777
0.32527720771912944,6778
0.33711065720361166,6780
0.473669655875242,6782
0.2948698419788546,6786
0.42916926365148145,6791
0.2612736498026951,6797
0.33559968798103207,6798
0.20838751547851303,6803
0.33779211995688646,6805
0.16562943142314218,6812
0.15329970152588956,6816
0.15276023794911422,6818
0.15571582897084402,6822
0.18172843091939428,6825
0.1761723702793852,6826
0.17815991836105322,6827
0.13599967846110617,6829
0.19348190864075385,6831
0.27738770226200243,6836
0.10502054734078796,6838
0.15786180706554429,6840
0.20293057249532034,6842
0.1429538338359752,6846
0.3626493230547149,6851
0.5390258832368267,6853
0.25393026590948253,6856
0.4563311370819868,6859
0.3976968833151812,6865
0.31082247368458943,6866
0.9293658004862366,6868
0.521041932810774,6869
0.8959861565780978,6871
0.5773364999570256,6873
0.3356124608239607,6886
0.27520390979904186,6887
0.42840311558840727,6888
0.8134914846579027,6889
0.33584944454878196,6891
0.5544494308143949,6894
0.3296751075904992,6895
0.258234175400349,6899
0.22197175706937625,6901
0.3810759605752556,6902
0.470436822472267,6904
0.3783052859038827,6906
0.1932527472351525,6922
0.3870156189555676,6923
0.2030591169368364,6924
0.2937904267144761,6927
0.3052437257814673,6934
0.3272758414484734,6938
0.15023044175148284,6941
0.2619882223274181,6942
0.2654499714061445,6944
0.24921825013494725,6947
0.4838892810801411,6952
0.4899441042713184,6957
0.5682927163882504,6958
0.32828625071693746,6964
0.33872237245044146,6968
0.6146678353365348,6969
0.35396388931560857,6976
0.6283705351977986,6982
0.4946805963352949,6986
0.6507756968642199,6987
0.39686620339564166,6989
0.45159269734525276,6991
0.490515081582757,6993
0.3172978377545334,6995
0.2630346368948057,6997
0.2953562851761498,7000
0.28177870836496144,7003
0.047694575048834696,7004
0.29279635236647394,7007
0.47147986088975585,7011
0.17480944678374405,7014
0.15906986698134257,7016
0.18361362296289147,7017
0.20386535817533305,7020
0.3220801613129693,7022
0.36317895233719977,7028
0.49379749284395275,7033
0.8816339686760257,7034
0.178191890222401,7035
0.3183499677218002,7038
0.2419261038570351,7040
0.3234358148092981,7041
0.11060358532553374,7042
0.1877179431902168,7045
0.17206205492419216,7049
0.17690553671838488,7055
0.4988460381308912,7057
0.21657897125456133,7062
0.19096752579999385,7064
0.10298656804937023,7066
0.17514577647151622,7067
0.2442305508775018,7072
0.2148012573349922,7079
0.16263878783451585,7082
0.18197357968046085,7083
0.29250287818035525,7084
0.14491183000790436,7085
0.318949593096753,7087
0.2936278155882571,7090
0.13475364533418113,7094
0.28302623289097645,7096
0.14364135299265068,7099
0.10892932247444553,7100
0.15239340285928887,7101
0.1309127637094252,7102
0.13768737684013357,7103
0.4278123237094822,7107
0.29964922608388195,7110
0.4441677935099536,7113
0.5144020457872939,7117
0.4704764702631154,7119
0.5238184273632266,7123
0.04858410711071041,7127
0.5286086435602775,7133
0.4295732321366788,7139
0.5488907732341364,7143
0.5625660944061432,7145
0.5430468742629523,7151
0.5837479456966951,7152
0.4282716344713277,7153
0.6844394715987082,7156
0.13549443533935016,7162
0.40231170674764843,7170
0.4636156803643721,7172
0.44332660945518404,7177
0.7171947222364787,7181
0.5488697973055434,7182
0.5022669129072135,7189
0.5882963213980603,7190
0.6675547961755375,7200
0.8753807994279568,7207
0.44555184943861526,7209
0.6899297723427154,7212
0.6446547367013717,7216
0.643388475679788,7217
0.6197613217071046,7219
0.7350909729727244,7220
0.46534633827303207,7222
0.7236690731527641,7225
0.7930359690143777,7233
0.6660603047063249,7237
0.9340795584472957,7238
0.9385837972902445,7239
0.6667784782742326,7240
0.9520458886956553,7243
0.9820252112972321,7245
0.9951398190976756,7246
0.9826715322742097,7249
0.8948083514944208,7257
0.9637408414558589,7258
0.9857114639139509,7259
0.9770475417180968,7262
0.975563917152459,7263
0.9309263879507498,7269
0.9893329545114086,7271
0.9581120087387219,7273
0.9665997060558301,7276
0.962572829310551,7279
0.9871650096223559,7282
0.9689056418355165,7284
0.9513215691625753,7293
0.9858166285153447,7298
0.8668997653207567,7303
0.9822001125947106,7304
0.9355753348527807,7305
0.9184287929001933,7308
0.9407232578930871,7313
0.9210238093991296,7314
0.8723488069323727,7321
0.9333740350507792,7322
0.9224851736254212,7327
0.8807351734749403,7333
0.9447164565177212,7336
0.907707506213478,7339
0.9142148383209318,7341
0.7544447481862209,7346
0.9102980696649845,7347
0.8078126898124387,7349
0.7814055439763884,7351
0.773512100454883,7353
0.8828901939962047,7363
0.07208261737234409,7364
0.439993772570148,7368
0.15992220498622625,7370
0.09921050772962564,7375
0.07331523757422442,7376
0.10013457815494631,7379
0.11217615165625205,7382
0.06274148255357186,7384
0.1570068995757902,7385
0.0645872130209596,7387
0.12177549886465919,7388
0.08224475575363586,7389
0.09075793269723605,7394
0.09749024821132643,7396
0.14784274378983261,7398
0.08850695607637175,7399
0.1098428814278172,7401
0.1009532393259913,7404
0.1279498053699617,7406
0.09230867516381022,7409
0.15496583569878747,7411
0.07619575321518687,7417
0.14614260578349242,7420
0.10026594780527534,7422
0.04013546056002542,7423
0.1126708440910483,7427
0.1830216767014972,7429
0.08072636138299603,7432
0.06998898115279795,7435
0.7863519943038368,7436
0.5254460058800043,7440
0.1375958924384929,7441
0.12001168288643937,7445
0.1168662405511289,7448
0.1545023440496722,7449
0.15362477448543901,7450
0.17015006293922857,7454
0.11154602176089809,7455
0.14530156171921077,7460
0.11668261983631315,7462
0.1539599302264314,7464
0.05655087848649517,7466
0.14088293441746763,7468
0.150277981061151,7469
0.097656374064261,7471
0.1960918246212369,7472
0.09763922798530608,7483
0.11405553500849662,7484
0.08196991106220726,7485
0.2578069918062074,7486
0.16136760741617173,7487
0.8698395567952583,7489
0.17401703745188268,7492
0.8968993574002302,7495
0.7453847540115554,7499
0.8294781630334325,7500
0.8871065934934206,7506
0.470920626860431,7508
0.6390589484440715,7509
0.8323447784000204,7511
0.8362658626043372,7516
0.520758358009862,7524
0.6716305191114644,7538
0.721922386522002,7539
0.8323447784000204,7541
0.9103309726172039,7546
0.9255124561381395,7549
0.9310608807381128,7562
0.8724266248884239,7564
0.416869605635309,7567
0.7581036262457194,7572
0.7973544782544982,7574
0.7764182788516074,7575
0.7566511122259866,7586
0.8151078712645619,7592
0.13710087246055555,7596
0.11640941916330207,7597
0.05566881193706222,7599
0.18797527085409077,7606
0.09595252709886976,7615
0.07851967247435881,7618
0.09987934974528354,7620
0.09386187660295499,7624
0.14083461701123742,7625
0.18441128389014916,7629
0.1374690800758898,7632
0.23437061600936238,7636
0.21373498271713975,7637
0.1405824123251885,7646
0.09339743519186511,7655
0.1215178063213338,7658
0.14032771694098697,7660
0.06576974428608948,7664
0.04564265945861758,7665
0.07675941202034299,7666
0.10689567130145744,7667
0.07481025619513193,7673
0.1547543014796411,7676
0.1199541520826447,7682
0.05208208686690635,7684
0.055730593629605266,7690
0.12683074978476883,7697
0.03617323321560608,7700
0.13489008810034958,7704
0.12025434547579011,7705
0.1377512800948014,7706
0.1654636083546249,7708
0.096001319456952,7709
0.20610130816695887,7710
0.13863478770957008,7713
0.09817466151592716,7716
0.12996415896303096,7726
0.17121000870366876,7729
0.12757839318237765,7730
0.14279601631233313,7732
0.13912438935918398,7734
0.14842155658565256,7740
0.11761787482474775,7741
0.5479221161817392,7745
0.6194350365260858,7757
0.312582189010183,7762
0.7490027895531964,7770
0.442263112603911,7776
0.19330583658033507,7777
0.741671497094899,7778
0.18422512926517276,7779
0.2724275991568841,7782
0.7013106177682197,7786
0.3663286082566279,7791
0.2339421998216187,7792
0.5517140041691996,7794
0.2589289859820386,7795
0.29415740613607233,7796
0.2464481812468389,7798
0.2495503869528694,7805
0.19163132501126973,7806
0.1832767217262309,7808
0.19066618221377563,7811
0.23525542796769291,7814
0.20159958948069115,7819
0.23082567479966068,7820
0.2088321516557916,7825
0.19024563618936166,7829
0.14779707958290564,7834
0.24589693688278777,7836
0.2596625410830171,7838
0.27426328550166845,7841
0.5654979872370671,7845
0.23667962215697722,7846
0.21664144026904797,7853
0.17576593897736723,7856
0.15696134503768883,7858
0.5020442195793685,7859
0.2111187087713391,7866
0.8727515180262746,7875
0.23485061048403788,7879
0.20048148882382413,7884
0.42351186723034107,7886
0.18180628350094108,7890
0.16594694638949703,7892
0.3039618983865483,7896
0.6936195879319333,7899
0.42934485088851204,7900
0.31912175111239066,7901
0.2984301912626969,7904
0.3590899582761504,7911
0.37490984160357466,7917
0.4398930604548241,7919
0.9424135862380935,7920
0.9867095012089803,7921
0.28024995994338936,7922
0.9891909534968316,7925
0.4817361900154576,7927
0.9908020266693284,7928
0.47429156821507623,7931
0.3883248069410057,7942
0.9886871186899587,7946
0.45136878948393633,7947
0.4073660992643154,7948
0.41563967167347055,7951
0.2682810406260654,7956
0.9674048898643379,7961
0.9745125613008556,7964
0.9662403849965412,7966
0.1470978922807708,7967
0.9945436925766394,7974
0.31455438396174223,7975
0.9955149781282274,7979
0.990512328599493,7985
0.9918793035369604,7986
0.39971593418709267,7993
0.9952777884472531,7995
0.07570369659756661,7997
0.9954433100219645,7998
0.9955749696523459,8004
0.995293058811975,8007
0.6143843579384356,8011
0.753392268978408,8014
0.3185796102828698,8022
0.32543313022352777,8027
0.6221583425223655,8033
0.4824279095777292,8041
0.8492787285198797,8042
0.795289393910027,8046
0.7225790441253748,8048
0.8296370389838167,8050
0.6060224967229595,8051
0.7545139919591498,8052
0.7422868975351021,8053
0.5805147023781325,8054
0.6040856532838694,8059
0.7123782055255272,8063
0.5142096997010319,8072
0.3710677498725643,8075
0.3876728592338079,8076
0.973576261112436,8077
0.7309510760567561,8078
0.33066065163101754,8080
0.37615763258863943,8082
0.3290719180846206,8086
0.6631937536427966,8090
0.49542256271486584,8092
0.6366736874953215,8093
0.5236694447963389,8099
0.5836849962969735,8104
0.4264864091986453,8107
0.5887599351468875,8108
0.3061480335602803,8114
0.6977556645711657,8115
0.9669816648958866,8117
0.8808512436598234,8123
0.8217957094658542,8124
0.8173925032764816,8127
0.6458810982300246,8132
0.9642271837857527,8134
0.39984225390762057,8139
0.7895361624057254,8145
0.9819905358972576,8148
0.9625478964077419,8151
0.9798070675712877,8152
0.9180911320745381,8153
0.8224656278145435,8157
0.9879887623144415,8160
0.9776405477070185,8166
0.9927721531772864,8167
0.9550356977304283,8173
0.9938887959036191,8174
0.9855286691300557,8178
0.9174434073269293,8179
0.9178641115140537,8185
0.9936213871813472,8186
0.8965459725606677,8192
0.8855462935765915,8193
0.6947715980920014,8194
0.8320782227518535,8197
0.9024963547320971,8198
0.907473508570355,8199
0.9075339594746393,8200
0.9383360029677101,8206
0.9358079761333593,8207
0.8288138672517651,8220
0.9364296953331045,8222
0.8504539314033704,8227
0.9029265104361893,8228
0.8743514469763436,8229
0.9595387235451316,8230
0.9636579377114415,8233
0.9311919974370695,8248
0.9793125665045452,8249
0.6475192834007883,8255
0.9777634691985675,8260
0.8396172955558114,8263
0.9584814471757909,8265
0.9268237433823725,8268
0.8772408752175292,8269
0.9278771475660188,8272
0.9213814711269637,8273
0.9281409217205758,8275
0.2500522741916319,8277
0.10775975318332465,8281
0.31205046804348724,8282
0.42916670907758775,8290
0.37614175249731135,8293
0.38039394890217015,8299
0.30686234134842266,8302
0.358158558742896,8303
0.2524154590167869,8305
0.05808871841052671,8306
0.39382234812699585,8307
0.2536593624435072,8308
0.1794392456463966,8313
0.35808445361478786,8316
0.16323533261584963,8319
0.6516310963677379,8322
0.19186451495664567,8323
0.18038974656866438,8325
0.09179888080095387,8326
0.28004458146520944,8327
0.21432691706897158,8328
0.4177469028210485,8331
0.46703625913031765,8333
0.276047942385447,8336
0.31792269303052656,8338
0.300679755609122,8340
0.0616648749542491,8342
0.36737752096660664,8343
0.0867222468298225,8353
0.06145865044104849,8354
0.0904618173096419,8357
0.10856768273023383,8358
0.16677214501327098,8359
0.1405347085501886,8373
0.06705442625642652,8376
0.06099541246899598,8379
0.0926474778191149,8380
0.10151351301852153,8381
0.19621477372810306,8384
0.7255667240950145,8395
0.7019393490858052,8398
0.10867293500970071,8403
0.7375670762367519,8407
0.7500861605153636,8413
0.7459651239469592,8417
0.7033875453368974,8420
0.12172430211976822,8421
0.6949282236202435,8424
0.6791769784661907,8426
0.7311155797663531,8427
0.7300834365083854,8438
0.11218406849382395,8439
0.06800434569980918,8442
0.07678455600098702,8449
0.14636162623053478,8456
0.12785132738448846,8460
0.16646395984090365,8462
0.13892563238089276,8465
0.077262915015675,8466
0.046007089970834,8467
0.061769829378378986,8469
0.10145818704335205,8470
0.15046950677929158,8474
0.04704981299826574,8479
0.14894073257425694,8481
0.09666912224609345,8482
0.08099029504554775,8485
0.19064994208299046,8488
0.1377736341300129,8492
0.11287908446139822,8493
0.15314160114376552,8495
0.12508876481020967,8499
0.16580503304396732,8501
0.14773280990424206,8519
0.09473665759350777,8521
0.17546042867830444,8525
0.23541579410913627,8527
0.15229221328352882,8529
0.14470860056600351,8532
0.11215298526968458,8534
0.1350525025972544,8535
0.1423349481363579,8537
0.1760286550650946,8544
0.0906113193871339,8548
0.10209619951294491,8549
0.0879986525193352,8552
0.13085819435478727,8554
0.0826256429704483,8563
0.09100836778606546,8564
0.08798119965455817,8565
0.1336085112898511,8566
0.11914505976903499,8568
0.05139447269070135,8569
0.0924003892222452,8573
0.09816603914893579,8583
0.0925809997888328,8588
0.13235022953984396,8590
0.14017104846804557,8592
0.24042268757214633,8593
0.3463693647084684,8594
0.26640114448976027,8597
0.260602243552788,8600
0.11088501014228619,8601
0.1819026327123201,8602
0.17362582330250673,8603
0.2930094188571284,8604
0.23147168265442894,8605
0.450180762687589,8611
0.1734851505765754,8614
0.2895003057346617,8616
0.2656695495091873,8617
0.5620792922279942,8619
0.4722116542558925,8626
0.3498202190773697,8629
0.3453709453975318,8630
0.2590274787644814,8632
0.3571651187626871,8634
0.11540298831655457,8641
0.5934291633522746,8645
0.7746221622431113,8649
0.5493151621136978,8652
0.6058754631040812,8666
0.5454189296343764,8671
0.6243195168513185,8672
0.32525344854559923,8675
0.4678280180528325,8678
0.6770670919531511,8679
0.3692853045674239,8682
0.8233915233101744,8687
0.2669611869307004,8701
0.23277195174837692,8703
0.29235741616378674,8707
0.2721832087776588,8713
0.12867176572171626,8716
0.16731249187918357,8719
0.2749211315142342,8725
0.2074727345536108,8730
0.18758844565594732,8731
0.14800229360444372,8748
0.09794500478042162,8749
0.1188497994425434,8756
0.13415878496497208,8764
0.019448454438851247,8765
0.13444427729508024,8769
0.02557874465582263,8771
0.02627336120547427,8772
0.25266219115962324,8773
0.04839399983507751,8779
0.17073811749027018,8792
0.1329260349848964,8794
0.12251288486886683,8796
0.2569813356236808,8798
0.1786186129518167,8803
0.11753592837584258,8807
0.11573723651584747,8809
0.14893245375153805,8811
0.19966209720920014,8813
0.10957303027207445,8814
0.33883383211458495,8818
0.19570647211043007,8819
0.21407779373670904,8820
0.13247365955624113,8821
0.06735539591378963,8822
0.15918832049215986,8824
0.10155022738777361,8826
0.11897633552411963,8827
0.09061519279669043,8828
0.22222959661444922,8833
0.18634654798884714,8834
0.22541365595355717,8845
0.14365270058120533,8847
0.39005136145888,8849
0.19356624608400094,8861
0.16073773784149917,8867
0.1695083545378242,8868
0.15466021972714394,8870
0.2105815835920797,8873
0.2807283950867899,8874
0.21410854192376988,8876
0.19171812257908968,8877
0.20128913861696057,8879
0.16041493642470098,8882
0.2180140039787458,8884
0.19171812257908968,8889
0.15150168116125934,8891
0.3468372722079583,8894
0.24408909880101673,8895
0.4186887466135393,8897
0.2300683792377421,8898
0.2273852265620142,8901
0.2463075630595951,8904
0.2385193898392742,8909
0.27076909582836717,8910
0.2158482087973601,8911
0.2177584229462413,8915
0.16507205197217226,8917
0.19863323159261015,8918
0.20454624617411812,8919
0.3491401480629883,8922
0.25522686376764653,8925
0.23733862055212435,8928
0.2371246924807453,8929
0.5914188689567652,8930
0.2719545716505426,8932
0.3354857242313727,8937
0.20874177129996074,8940
0.5735970027595257,8943
0.7225491580911549,8950
0.5769218083670102,8951
0.22045222428142505,8954
0.5838437649207346,8958
0.3042257448966067,8960
0.5609390328709039,8964
0.651693177152731,8975
0.6052934255416693,8977
0.508621772461233,8981
0.4988806916468337,8982
0.44238264443403946,8984
0.5978872529007535,8988
0.5693174515413465,8990
0.19141048618754644,8991
0.20457544382976287,8995
0.140166744835502,8997
0.24183483457432106,9003
0.25622798419143494,9004
0.3229521121745486,9010
0.1959366861347248,9011
0.19173626275843678,9013
0.18429632315926567,9014
0.20996300585114078,9015
0.21898218936257913,9017
0.16223437132757146,9019
0.1729882494993864,9021
0.21217480531700042,9024
0.16532166204874083,9032
0.13218596783315142,9035
0.5687274630330295,9036
0.2558561351803853,9037
0.9435267581479605,9043
0.7884302508050303,9046
0.9314283090635082,9048
0.8972528792144957,9049
0.8456101900280587,9050
0.4572654602071222,9056
0.47692932006734584,9063
0.7017398934284682,9065
0.9503663071906173,9066
0.348113707219136,9068
0.8867642103917842,9069
0.37524415716102677,9070
0.8178969772349775,9073
0.9369406497457613,9076
0.46833862013096844,9091
0.740403681624083,9092
0.9206233337128277,9104
0.9267563332663736,9105
0.8123474549659047,9108
0.9782568793371158,9111
0.9815503207926113,9115
0.9762279577378754,9117
0.9782033229083746,9122
0.983636451174532,9125
0.6565871622552794,9127
0.9329393291406525,9129
0.978589780568953,9133
0.8898309825851395,9136
0.9758068095929376,9138
0.9727623599785507,9140
0.9350451825433715,9147
0.9715661049779852,9150
0.9495716904747069,9152
0.9099507159744853,9153
0.9773602837271707,9155
0.9157075017499395,9158
0.9612517594464908,9160
0.9431604316545933,9163
0.9731169935758197,9165
0.5328314710315352,9167
0.7760549225534025,9168
0.9186990729717657,9170
0.9685348928346877,9176
0.9918846831762109,9178
0.9701191835786708,9184
0.9537564934062327,9186
0.978387922200609,9188
0.9241636527102861,9189
0.993456556834472,9190
0.8259828579898235,9196
0.5029561422553185,9198
0.8489619813175642,9199
0.9469198391428826,9200
0.730473065755336,9201
0.9245810136927278,9202
0.8548249612973136,9204
0.8334377851673521,9205
0.7518301827731807,9213
0.832729050006258,9214
0.9496665086939752,9224
0.8831646575167106,9227
0.9146247301886206,9228
0.7558614630712797,9229
0.8450096079418551,9234
0.8051555522789523,9236
0.8498082882745369,9241
0.23886346179620993,9243
0.20179603001130605,9245
0.38532751317637626,9256
0.16137631559132712,9258
0.21659197094587415,9261
0.21946368382022755,9274
0.2911238961123722,9279
0.23942139137187157,9282
0.3489754046272507,9284
0.36661539215617717,9285
0.1363233823143686,9291
0.29009132828133405,9295
0.2790850713943009,9299
0.1991760186597726,9302
0.20491290094342365,9304
0.18915588118845092,9305
0.12529015032566143,9306
0.19078652305389754,9310
0.5383133674884614,9312
0.2110568486990607,9316
0.34911776477653805,9318
0.2990310130410282,9323
0.3753440911655044,9326
0.18843968242162923,9327
0.15606353526675004,9328
0.38657973946110646,9331
0.2349710355870529,9335
0.2989452125400706,9336
0.03941972467766208,9340
0.8346824857785111,9349
0.39545485892872734,9352
0.09081373506689933,9353
0.6112784737226014,9354
0.3199681528946539,9356
0.5386381406719836,9357
0.5091829752183508,9358
0.6329981378660057,9359
0.5892492412072098,9364
0.9583136825444417,9366
0.4878687910739782,9369
0.556322867298607,9370
0.3235267285120396,9379
0.49098243451506124,9381
0.5809807827760598,9383
0.6494691980396885,9389
0.7802109915387101,9390
0.9002365432098843,9392
0.8195226617636077,9394
0.7043436664652749,9398
0.8021637096082722,9399
0.5067568829853794,9400
0.9373949231730843,9407
0.7836778878141633,9409
0.805759352668813,9412
0.9146589382167423,9413
0.571608330024809,9415
0.9026429065184475,9419
0.4888727138451456,9423
0.9227099768136091,9424
0.7561256976341796,9426
0.9005273913364538,9427
0.6527479289616903,9428
0.5423487393483722,9429
0.9745166581690701,9433
0.7033593915159111,9437
0.7144818597939053,9440
0.8661214402436596,9442
0.7087346728186337,9443
0.8182798836466492,9444
0.675989901266144,9447
0.9117183035058468,9459
0.8411994439761268,9461
0.6987384535247562,9462
0.9248091430685695,9464
0.8007172770964811,9473
0.61168184370455,9475
0.9172487338281454,9476
0.8395479478182,9477
0.8478888306112411,9478
0.7763340903383867,9479
0.7489546159328534,9483
0.871059349864801,9487
0.8630145113567623,9494
0.8692174540075085,9497
0.9840756565153234,9498
0.8215136118271685,9506
0.9540860735185716,9512
0.9039716508748767,9514
0.7357564324022022,9515
0.850325627041841,9516
0.7837385289769188,9517
0.6464050700876485,9518
0.5137630627835942,9521
0.7890804490159309,9523
0.8556529417036906,9527
0.7540035372906343,9528
0.6441238699682664,9530
0.911310798358967,9532
0.5488033238102894,9534
0.4701306745405609,9535
0.9875663434853793,9536
0.4992944090368188,9543
0.7310686524734398,9544
0.7297800400430179,9545
0.8299646453439322,9546
0.11138230938210722,9549
0.2094057527518994,9558
0.08016943752652075,9560
0.06911681886536075,9561
0.08462799063851344,9570
0.050317530036400986,9573
0.10301170527709265,9578
0.07850658403679364,9584
0.09191331158743893,9587
0.08019174615398847,9588
0.09890676838224167,9599
0.03778022900720793,9601
0.11790070756271641,9604
0.57496515832899,9614
0.611660712466428,9615
0.6644899509168284,9621
0.15815420073194522,9622
0.1264531654570802,9623
0.13567565527617648,9624
0.6548390367828901,9626
0.3322943034201721,9628
0.1198053092765046,9630
0.32513430395148013,9631
0.12384169166955747,9633
0.6892479422899608,9635
0.2349267642462549,9637
0.09150697495487824,9641
0.36150016065672685,9647
0.3884341652335067,9648
0.10910192495947188,9649
0.074854858775948,9658
0.6035828245884692,9662
0.8774164732895748,9668
0.6221055760043742,9671
0.8147194275165841,9676
0.9848517450431927,9677
0.3397774696257391,9679
0.5581536204715637,9682
0.23899207726164207,9685
0.5053635665614973,9689
0.5183870274290111,9692
0.3844765180668938,9693
0.30127509474461156,9694
0.48110514120400416,9696
0.4796836310724234,9700
0.9046912206008143,9711
0.07090499975807345,9713
0.28373623968685835,9720
0.9073088534653974,9721
0.3467376845629482,9725
0.33635265689855554,9726
0.27929699641153355,9727
0.13835487281686057,9735
0.8921734765786724,9740
0.8931866195778002,9742
0.2227004336653729,9743
0.8524407909095896,9747
0.9421655682722639,9748
0.9261144516620133,9751
0.09662780651864805,9758
0.11576382828235512,9767
0.2902458911150461,9768
0.34156680286881214,9773
0.41508143652193724,9777
0.13893563101149586,9781
0.26767794945827744,9784
0.17989729029116092,9786
0.5120242883043924,9789
0.37270104031600537,9792
0.11057601677216954,9793
0.40928694564214535,9798
0.33397188589057064,9799
0.21657971063349615,9802
0.1963010245270993,9803
0.15971056558431745,9804
0.17364589418194024,9805
0.25611764817441907,9807
0.1797937006058786,9809
0.19316358611264142,9811
0.2588605786387075,9814
0.2952790864811139,9817
0.34047854342831535,9821
0.15986737577887536,9824
0.3858714882132703,9825
0.15813410936729866,9827
0.9280076077314824,9839
0.11102761175096584,9840
0.2897476507042136,9843
0.2201427581016331,9844
0.3118674480544363,9845
0.31470181524271945,9847
0.27534848715253285,9848
0.3000941421715304,9851
0.2805021061101339,9852
0.3412198535686985,9855
0.13823535229462508,9856
0.03660044007941474,9863
0.11671767123544761,9867
0.10286456965820623,9871
0.12635160605698892,9876
0.11574012913712195,9879
0.11818912600106458,9882
0.03388005690363378,9891
0.10128869811816764,9892
0.12379189663302063,9893
0.3413152552468157,9895
0.26515489187459607,9899
0.23816385531972006,9900
0.4210010256224888,9902
0.3331964505336168,9903
0.31597725500482887,9904
0.3208770888546088,9908
0.2739887338213161,9913
0.7058099491487954,9914
0.16505324190530105,9917
0.4620211554099804,9922
0.15352750810767093,9924
0.32123499116100546,9926
0.3272445033668758,9927
0.5359173882296925,9928
0.2922643294290708,9929
0.19894086135583885,9936
0.34776117290287334,9939
0.42557549898145747,9947
0.5072639534881747,9951
0.5629188911529543,9954
0.26998992215716705,9956
0.5691825544068048,9957
0.37834563770156404,9959
0.33857200669829846,9962
0.40457081416772506,9964
0.3352772791022811,9966
0.3576336098179731,9968
0.7252028599487148,9969
0.7764094997292632,9970
0.4231566035745973,9975
0.22548194119308862,9977
0.29381318219602587,9981
0.5518228392172181,9993
0.49970204297589654,9996
0.6307183650528967,9997
0.6670730315476031,9999
0.605388223811547,10002
0.8767911713031886,10007
0.41304409402669484,10015
0.669593924236779,10019
0.5835696337299323,10022
0.49286868039618426,10024
0.4761741885518375,10026
0.5300707098426571,10033
0.4503103989915163,10043
0.16614423017429972,10046
0.5805524675427822,10051
0.6577448783424445,10053
0.8899013971074756,10062
0.9784322492927339,10063
0.9541832250707506,10065
0.9629873420171455,10068
0.8344562533313431,10078
0.867192358754105,10086
0.8917478381165257,10094
0.9337473536956502,10095
0.8938275461067791,10096
0.8360795712208209,10097
0.9723653456568875,10103
0.9773381464071806,10104
0.23765365363069607,10108
0.28709280375571866,10122
0.3333722251333544,10123
0.5124631630285827,10128
0.5086165313283232,10131
0.45670878337257637,10133
0.4810075569491777,10134
0.17458497329776668,10135
0.46802413300232226,10145
0.5210323300506303,10148
0.5711224405298593,10154
0.4152787317844071,10155
0.9681010353626514,10158
0.32385617215620827,10160
0.1831140066753108,10161
0.07695186276532937,10162
0.46797283562487274,10165
0.06609205123392912,10166
0.21013481539205983,10167
0.07771334657034452,10170
0.27044928744179114,10178
0.08159838668535005,10180
0.2334864714963207,10181
0.05752146948815261,10185
0.09864493365715891,10188
0.4053762570006845,10190
0.22304915591922791,10196
0.08439804261456117,10200
0.100981618609845,10205
0.09617437646449721,10211
0.010618820542694545,10216
0.17192612792314216,10219
0.11305769957032473,10221
0.10964777438585793,10225
0.10242808767250633,10227
0.11300196292879605,10228
0.0587149695184512,10230
0.06901095640234119,10232
0.1843740043093028,10233
0.06468527973662293,10235
0.1843740043093028,10238
0.1373237725542845,10240
0.14696699783709394,10242
0.14854657676544006,10248
0.0335151164607906,10254
0.14201068785393342,10257
0.44292265444718204,10261
0.2558163018920694,10262
0.17628715518059804,10266
0.5176291424939116,10267
0.22220624220966068,10271
0.4622721451131467,10277
0.24436418599854684,10279
0.25438720677417626,10281
0.456118520143961,10282
0.227782969674551,10285
0.2449352397361489,10292
0.2349710355870529,10298
0.32923089456288535,10300
0.32857771501112115,10309
0.2532807992601126,10311
0.2973849523641448,10312
0.31750687843381564,10319
0.8633151712599092,10324
0.22009364585842756,10326
0.07406794440633356,10328
0.410449968669731,10343
0.25971599960700603,10346
0.30995625000015603,10347
0.17265547694518357,10353
0.6037270537865052,10354
0.47371722931306365,10356
0.36984594361338335,10357
0.41242482020169097,10362
0.1872431105076722,10363
0.6769598757706063,10370
0.3370585843395343,10373
0.21405997330941184,10386
0.4148098179331469,10388
0.3549220963057573,10389
0.8115301650860117,10391
0.3814587187131967,10397
0.2158431404089471,10400
0.5823856499581219,10403
0.37709048831405784,10404
0.44820857877052955,10408
0.3947016316335735,10417
0.5701762918034973,10425
0.6822326486174193,10435
0.913500777401229,10437
0.9660057930961521,10438
0.7939443038840142,10440
0.7624453553804785,10442
0.7539673781204237,10447
0.8777402859114137,10452
0.7784608540534257,10453
0.9614244469370532,10454
0.9410438617487865,10459
0.8954983073581652,10460
0.8631277377878652,10463
0.9353461127895526,10465
0.7870803034447397,10469
0.877917595719332,10474
0.9830021994261222,10475
0.7553134778901633,10476
0.8186715844772214,10477
0.9600866591664049,10480
0.6543547252067439,10491
0.8247864458657247,10493
0.9910809991351474,10494
0.5474749601989755,10495
0.6600008072723533,10497
0.7126863099082923,10501
0.35526348131888213,10504
0.8565374204178452,10507
0.9843243022321734,10509
0.2740074219973004,10510
0.9341407184466054,10512
0.9536202471654077,10514
0.8331676208147231,10526
0.9886462698213527,10528
0.8115878049366619,10530
0.8855869244799992,10531
0.6516368429599243,10532
0.7618249069311133,10538
0.7153951746359469,10539
0.2768579054296384,10542
0.6354076254085983,10547
0.7164384166038652,10549
0.34860647027734853,10556
0.33163674746701305,10569
0.42857549815526313,10572
0.7473914265270258,10577
0.16099979183076404,10579
0.9332944582196359,10586
0.6352695913558825,10594
0.910551050068985,10595
0.387241573500902,10597
0.8958429508823779,10602
0.9025017564784739,10604
0.44327322167983507,10614
0.4406001808029959,10617
0.6561930562486851,10618
0.7354461271183499,10619
0.8950418602235655,10624
0.8976994141937452,10633
0.978519891515441,10634
0.346402736875195,10635
0.11014016901838994,10638
0.30567113160425663,10639
0.28268594626109395,10642
0.1601101184279507,10643
0.7916801189660735,10645
0.1650702195567818,10646
0.3351398530652332,10649
0.9569633161138826,10652
0.14520947026646616,10653
0.1373299508068172,10654
0.25653638884790675,10661
0.9044203240391595,10664
0.27324998527726646,10668
0.29253962483320556,10670
0.19752464062275438,10674
0.2390304318160147,10683
0.2125777472805683,10694
0.3096636855201467,10697
0.09684098094500745,10699
0.3091808869062914,10701
0.53625376188879,10703
0.26810715806072266,10713
0.6825376084818336,10714
0.2474008441435388,10716
0.253089012929018,10717
0.2558258770898007,10719
0.29835719973606806,10725
0.29103629842377277,10728
0.49789988033711635,10734
0.8801499734950387,10738
0.9834089375388021,10740
0.9263575511557152,10742
0.9794976681067161,10756
0.9221035389302193,10757
0.8778693547443472,10758
0.9819997321485922,10761
0.9210071320510512,10762
0.963522726980272,10773
0.992262810549746,10778
0.9376749941759122,10781
0.19017724313998782,10791
0.1945990772489095,10792
0.3537350661295057,10796
0.6119219551374965,10797
0.20847820633745126,10801
0.13954209260927944,10804
0.19646164577622038,10806
0.1803142651233141,10807
0.2441458538928747,10816
0.31115568594600496,10820
0.24942064223998076,10828
0.8414593145595692,10836
0.9732153809261604,10838
0.8293550683220325,10845
0.9598461170685478,10856
0.6279596438084989,10857
0.6573081220230877,10858
0.7859995923633608,10861
0.9012747639778848,10865
0.3902113086052665,10868
0.7042651057041979,10874
0.48700480731850926,10875
